Designator,Footprint,Quantity,Value,LCSC Part #
"C1, C11, C27, C4, C6",0603,5,10u,
"C10, C12, C13, C16, C19, C2, C20, C21, C22, C23, C24, C25, C26, C3, C7, C8, C9",0603,17,100n,
C14,0603,1,1u,
C15,0603,1,4u7,
"C17, C18",0603,2,6.8p,
D1,0603,1,LED_33V,
D2,D_SOD-123,1,SSS2040FL,
D3,0603,1,USER_LED,
J1,microSD_HC_Molex_104031-0811,1,Micro_SD_Card,
J3,USB_C_Receptacle_GCT_USB4105-xx-A_16P_TopMnt_Horizontal,1,USB_C_Receptacle_USB2.0,
J4,PinHeader_1x14_P2.54mm_Vertical,1,Left_,
J5,PinHeader_1x14_P2.54mm_Vertical,1,Right_,
JP1,SolderJumper-2_P1.3mm_Bridged_RoundedPad1.0x1.5mm,1,VUSB_VIN,
"L1, L2",0805,2,GZ2012D101TF,
"R1, R2",0603,2,5.1k,
R3,0603,1,270,
"R4, R6, R7",0603,3,10k,
R5,0603,1,1K,
SW2,SW_SPST_B3U-1000P,1,BOOT,
TP1,TestPoint_Pad_D1.0mm,1,SWO,
TP2,TestPoint_Pad_D1.0mm,1,SWCLK,
TP3,TestPoint_Pad_D1.0mm,1,SWDIO,
TP4,TestPoint_Pad_D1.0mm,1,RST,
U1,LQFP-64_10x10mm_P0.5mm,1,STM32F446RETx,
U2,SOT-223-3_TabPin2,1,NCP1117-3.3_SOT223,
U3,SOT-23-6,1,USBLC6-2SC6,
U4,SOIC-8_5.23x5.23mm_P1.27mm,1,W25Q32JVSS,
U5,LGA-14_3x2.5mm_P0.5mm_LayoutBorder3x4y,1,LSM6DS3,
U6,PQFN50P200X200X70-12N,1,LIS2MDLTR,
Y1,Crystal_SMD_2016-4Pin_2.0x1.6mm,1,7D026000B01,
